<?xml version="1.0" encoding="UTF-8" standalone="yes"?>
<addon id="repository.TvBox.ManVic" name="TvBox ManVic Repo" version="1.0" provider-name="Manu">
    <extension point="xbmc.addon.repository" name="TvBox ManVic Repo">
        <info>https://raw.githubusercontent.com/manurafal/Repo/master/addons.xml</info>
        <checksum>https://raw.githubusercontent.com/manurafal/Repo/master/addons.xml.md5</checksum>
        <datadir zip="true">https://raw.githubusercontent.com/manurafal/Repo/master/</datadir>
    </extension>
    <extension point="xbmc.addon.metadata">
        <summary>Repositorio</summary>
        <description>Repositorio Oficial TvBox ManVic by Manu.</description>
        <platform>all</platform>
        <language>es</language>
        <license>By Manu.</license>
    </extension>
</addon>
